Emmanuelle,Mercier,Biarritz,France,2017,JavaScript
Thierry,Alexandre,Biarritz,France,2017,JavaScript
Ã‰dith,Turpin,Biarritz,France,2017,JavaScript
Chantal,Caron,Biarritz,France,2017,JavaScript
PÃ©nÃ©lope,Paris,Biarritz,France,2017,JavaScript
Christelle,Vallet,Biarritz,France,2017,JavaScript
Daniel,Roy,Biarritz,France,2017,JavaScript
ThÃ©odore,Regnier,Biarritz,France,2018,JavaScript
Benjamin,Tanguy,Biarritz,France,2018,JavaScript
Arthur,Bruneau,Biarritz,France,2018,JavaScript
SÃ©bastien,Ferreira,Biarritz,France,2018,JavaScript
Charlotte,Roche,Biarritz,France,2018,JavaScript
Colette,Bouvier,Biarritz,France,2018,JavaScript
Alfred,"Da Silva",Biarritz,France,2018,JavaScript
Vincent,Sanchez,Biarritz,France,2019,JavaScript
Yves,Marie,Biarritz,France,2019,JavaScript
Alphonse,Leleu,Biarritz,France,2019,JavaScript
Laurence,Lemaire,Biarritz,France,2019,JavaScript
Marcel,Olivier,Biarritz,France,2019,JavaScript
Victor,Lopez,Biarritz,France,2019,JavaScript
Michel,David,Biarritz,France,2019,JavaScript
ThÃ©odore,Bousquet,Biarritz,France,2019,JavaScript
AndrÃ©e,Berthelot,Biarritz,France,2019,JavaScript
LÃ©on,Jacquet,Biarritz,France,2019,JavaScript
Laetitia,Schneider,Biarritz,France,2019,JavaScript
ThÃ©rÃ¨se,Guyot,Biarritz,France,2019,JavaScript
